,predict
0,-0.006569747981638
1,-0.006361687239442
2,-0.0063548704439797
3,0.0221227253415661
4,0.0950029868105561
5,0.1367102034976846
6,0.2308134294162009
7,0.4738759174570781
8,0.5162643265748408
9,0.5196126008637088
10,0.6315943416139611
11,0.5702234006236744
12,0.401548675900542
13,0.5335480292679187
14,0.3738640128098602
15,0.2379714053529931
16,0.1911429329911691
17,0.1157702839197434
18,0.0854062045537846
19,0.0029379496021475
20,-0.0060992535159998
21,-0.0057993518719656
22,-0.0062918800930889
23,-0.0071880808076672
24,-0.0047083469511422
25,-0.0056834291044702
26,-0.0032874031599392
27,0.0332685725098455
28,0.1087695048313081
29,0.1682999848961437
30,0.2990555238775407
31,0.3953325789201181
32,0.6232366083684859
33,0.6241084612605186
34,0.6681058614535254
35,0.6281377289398755
36,0.6256797257396578
37,0.6209247824450437
38,0.538218793740824
39,0.3563901156411895
40,0.2762208518662927
41,0.1517638823948381
42,0.0856057732078421
43,0.0230432450743462
44,-0.0008296279135053958
45,-0.0012423584078662
46,-0.0026439889704776
47,-0.0034630691740227
48,-0.0070661333485187
49,-0.0021347193138454
50,0.0030279811943059
51,0.0509215157562368
52,0.0975413521713976
53,0.2311652606446366
54,0.3373895705782239
55,0.5192761829771311
56,0.6714619473178651
57,0.6492349155206079
58,0.6667821340422357
59,0.602189670353922
60,0.6415272020046381
61,0.6515606213591376
62,0.5025644481121241
63,0.3530697722740108
64,0.2365407030411142
65,0.1284382406469
66,0.0705298303581465
67,0.0376079145681542
68,-0.0018800870236803
69,-0.0059182039272955
70,-0.0066119403818889
71,-0.0061722741624963
72,-0.0027823371259943
73,-0.0029644449775874
74,-0.0011167570596428
75,0.0426291301176198
76,0.0998432298137068
77,0.1814743042441187
78,0.3755278331179135
79,0.5899748532080988
80,0.7646865997166821
81,0.6201323964645973
82,0.7389373243035628
83,0.6668066777630905
84,0.6913563200846078
85,0.6425725777971387
86,0.6091361296642639
87,0.3931622618250963
88,0.2811515914060287
89,0.1426112854825867
90,0.0603097622987018
91,0.0548083826917198
92,-0.0017798356868164
93,-0.002696348047438
94,-0.0040365401342776
95,-0.0036487192499785
96,-0.0040813888006654
97,-0.0036560851620224
98,0.0063076045719709
99,0.0643618673686747
100,0.1228678535344507
101,0.207506380840811
102,0.3599097927416743
103,0.5268634296792662
104,0.6388719956406554
105,0.6869233754190269
106,0.7183882680673002
107,0.7563495532254898
108,0.7349058789157958
109,0.6004227014860668
110,0.6438913360269958
111,0.4610818980377396
112,0.3278338673352288
113,0.1564115986614773
114,0.1050124051007152
115,0.0495276386221254
116,0.0007103025553318737
117,-0.0030829592154073
118,-0.0078918487272001
119,-0.0080036734402584
120,-0.008450008972362
121,-0.0084613934828199
122,0.0123863378929895
123,0.0403245127288365
124,0.0981729992738344
125,0.2198758760145474
126,0.3691322376383674
127,0.5313011947300048
128,0.7084391140322019
129,0.7322266227198064
130,0.6847760713976492
131,0.6014202699456768
132,0.634777357383242
133,0.6265082364656813
134,0.5485415951142862
135,0.3789206029053524
136,0.3456108850740655
137,0.137489878074063
138,0.081500376170225
139,0.0561207936224834
140,0.00029598024970155234
141,-0.0038452749571307
142,-0.0038404098599913
143,-0.0067538480469566
144,-0.0090361452952316
145,-0.0089954064016006
146,0.0130508717385941
147,0.027854165760367
148,0.0824972532131129
149,0.2175514150704665
150,0.3590215294410506
151,0.625097889059844
152,0.7688941360394062
153,0.681936802769868
154,0.7225190991977819
155,0.7628869585133338
156,0.5476124721408973
157,0.5373845486875546
158,0.4760452839388158
159,0.3191084633539696
160,0.3297463069922621
161,0.1254008976173246
162,0.0709657176514035
163,0.0441817371563877
164,-0.0019953053079555
165,-0.0041121389070306
166,-0.0082040258509417
167,-0.0068440214558316
168,-0.0090596429167868
169,-0.0077157400336369
170,-0.0027765832122719
171,0.0157788223915409
172,0.0347686012308463
173,0.047251077759798
174,0.0724187921464383
175,0.1061515024585892
176,0.1523153840834947
177,0.1439726693601255
178,0.2404991148498265
179,0.2294977690003901
180,0.317950751883614
181,0.4418075243036263
182,0.3701113856945561
183,0.4056123037673409
184,0.2607911402513558
185,0.1082850840169406
186,0.0590291710508108
187,0.0594466896603285
188,0.00044782444191525383
189,-0.0088547646657326
190,-0.0086359662743171
191,-0.0085358422161385
192,-0.0035132943966951
193,-0.0038839566548227
194,0.0097083467231178
195,0.0297139778704169
196,0.0554427098885323
197,0.0843668762907097
198,0.1447257694652102
199,0.3329873666384764
200,0.4173179056596006
201,0.3976446572968222
202,0.3951477705221429
203,0.3321922521384828
204,0.4300792832481044
205,0.3767971227069744
206,0.3733671451283122
207,0.3029424154140365
208,0.0930439218717389
209,0.0791980845929185
210,0.054259736584137
211,0.0127003426841289
212,-0.0030213210077698
213,-0.003797833473923
214,-0.0033831233347407
215,-0.0068157848623948
216,0.0188645668054567
217,0.018382156666272
218,0.0133172380337731
219,0.0271452196349903
220,0.0405281067859226
221,0.0553799366955678
222,0.0837159179862487
223,0.244968403593462
224,0.3033476027651709
225,0.363982636197677
226,0.3602157910632126
227,0.3923472005351567
228,0.2741014394439685
229,0.156269079014039
230,0.1577734389690885
231,0.101314415303521
232,0.03000400708281
233,0.0477859772478572
234,0.0523274336643686
235,0.0238234092894933
236,0.0070413883904214
237,0.0062997724810591
238,0.008554783021305
239,0.0081008246947951
240,-0.0016464822368627
241,-0.0014052555973884
242,0.0105242922280999
243,0.0287678642074544
244,0.065302776136358
245,0.1064908554735535
246,0.1318843081736382
247,0.3092300316436784
248,0.2113544542605716
249,0.2381270937322306
250,0.2536339053038727
251,0.2778342190319585
252,0.2841191362420965
253,0.2869488377161524
254,0.3070829242587642
255,0.3131152506499142
256,0.2761556526497906
257,0.1210505579100946
258,0.0911718033226087
259,0.0490642752095757
260,0.0141301843199725
261,0.0046745854575595
262,0.0044332416283572
263,0.0035859919178398
264,0.0028023571446047
265,0.003356441323435
266,0.0314566758494285
267,0.0394399002272669
268,0.0945067961345042
269,0.1643496453419992
270,0.1515059313925768
271,0.2520426701273088
272,0.352374465879435
273,0.3529852198264642
274,0.3989724255215912
275,0.4528349766599284
276,0.4043746710095626
277,0.2052671729851021
278,0.2043927073297589
279,0.2528199226208436
280,0.126636141568823
281,0.0863006176728913
282,0.0709953869845147
283,0.0354309247024124
284,0.0108765907526964
285,-0.0020148006072824
286,-0.0007305026705120149
287,-0.0025985899210405
288,-0.0030397888318221
289,-0.0010386262735069
290,0.0402011635858256
291,0.0576485801933605
292,0.0979724176831304
293,0.1479348657095365
294,0.2879408319862471
295,0.3476788338379883
296,0.3739629389492898
297,0.3429207353185284
298,0.4003403330599859
299,0.3710013102039362
300,0.3056238127446555
301,0.3565866347672959
302,0.3080551736967714
303,0.255266533953516
304,0.1499245641892923
305,0.1487383192778246
306,0.1057335606548115
307,0.0776901199718571
308,0.0420398461437711
309,-0.0025272977036736
310,-0.0027107834302115
311,-0.0031561817989087
312,-0.0012800753960478
313,0.0047543454355631
314,0.0336976268649691
315,0.0794261708392716
316,0.0813067193896934
317,0.1809894177095821
318,0.2641247273191986
319,0.3406769122615423
320,0.4805260564602769
321,0.4726099449655543
322,0.5050810832387491
323,0.4499538368178968
324,0.3569694665839755
325,0.2826273087666788
326,0.3122329671425075
327,0.1654805293248966
328,0.0741684469914016
329,0.0877355868819569
330,0.0555811155567005
331,0.0506037921057063
332,0.0004216076033485144
333,-0.0032738250528241
334,-0.0030078643230895
335,-0.0030111390719385
336,-0.00030938830791328586
337,-0.0014638137708418
338,0.0012505983910051
339,0.0176069089542229
340,0.0545742101331489
341,0.0766138395110484
342,0.116102595318851
343,0.198257554172444
344,0.3004376999163878
345,0.2823679077999668
346,0.2891180552225176
347,0.2674715043113018
348,0.276803948058743
349,0.3158738208661884
350,0.3266615394520908
351,0.2223695863948773
352,0.1663894075390157
353,0.0629205422199998
354,0.0621785688912492
355,0.0362438002963776
356,0.0153217578222124
357,0.000735796371080108
358,0.00023756776093918075
359,0.0003672498503759364
360,-0.0020024280239441
361,0.00014877998898853162
362,0.0118493930627307
363,0.0263285845375824
364,0.0568862941278018
365,0.0640610501850116
366,0.136682776364567
367,0.2475881354261855
368,0.2518809272748108
369,0.231148754352332
370,0.3352639312673056
371,0.3678708450111536
372,0.3933647714595871
373,0.2509306937645601
374,0.2835261795806059
375,0.272956639866835
376,0.2096637187678862
377,0.1414803931594399
378,0.1026944056068554
379,0.0404807500087065
380,0.0059047366205417
381,-0.000816188202621651
382,-0.0011539843919636
383,-0.0012456505552209
384,-0.0014101677246765
385,0.0014004631941963
386,0.0023547180221419
387,0.0272394534119106
388,0.0721033721580204
389,0.039870395186875
390,0.0861578859423925
391,0.2264115305579264
392,0.2835918543518414
393,0.341271807179653
394,0.2396046891817189
395,0.2900174215509008
396,0.2577797725144954
397,0.2402642077924774
398,0.2801539811764819
399,0.2889652535140794
400,0.1963092236794914
401,0.1442670954592408
402,0.094205793801023
403,0.0445498442142666
404,0.0281866481925787
405,-0.0004039124352475249
406,-0.0006628507748602935
407,-0.0007364552048459011
408,-0.0019103198612045
409,0.0060764840578342
410,0.0408393675777054
411,0.0580887648625962
412,0.1069877001913319
413,0.3100708074013234
414,0.5686940823203905
415,0.7242958462156104
416,0.792099983065085
417,0.807240801293559
418,0.7874509837716765
419,0.7631441403130872
420,0.7974345539627017
421,0.7108026791992039
422,0.5831155024286396
423,0.5127424971786791
424,0.344342273566036
425,0.1925185729543781
426,0.1077249473258554
427,0.0711308549376463
428,0.038931451046871
429,-4.776169692789767e-05
430,6.794538523478832e-05
431,-0.00013413974682464913
432,-0.0005548949091165462
433,0.0030416708923637
434,0.0517369083818428
435,0.0895151497020158
436,0.1342289170608943
437,0.2247957198815406
438,0.3959176533097797
439,0.4797335713508197
440,0.5743424444650451
441,0.7008068509338579
442,0.750587095023419
443,0.5086052950131112
444,0.4787256303022353
445,0.2807519254355803
446,0.2973457900885574
447,0.3114354368328087
448,0.1678086724474632
449,0.1521640845772076
450,0.0808471679499416
451,0.0396804758959012
452,0.0305501223187063
453,0.00021650218401546295
454,-0.0005294545495517916
455,-0.0005495469682317428
456,-0.0012726892864039
457,0.0033085794419049
458,0.0336705762188584
459,0.0394905734569894
460,0.0965245104723433
461,0.2418330981519709
462,0.3968865246632298
463,0.6301756343566318
464,0.7152394641515081
465,0.619918243576975
466,0.6759935537260013
467,0.7586951892852618
468,0.7424594635016171
469,0.6917988864855567
470,0.5831012622985405
471,0.5123968528305138
472,0.3589772900474284
473,0.2003528520888065
474,0.1132964752192357
475,0.0666634839503503
476,0.038271189586821
477,-0.0006012373886876837
478,-0.0007661202820033047
479,-0.0003094181708662852
480,-0.0007220327268144949
481,0.0059382021014304
482,0.0556036125552126
483,0.0673107315017846
484,0.1195765169365252
485,0.294614754083873
486,0.4897435467276374
487,0.6483142204808268
488,0.7284200319867147
489,0.8198093585323101
490,0.761261765001435
491,0.7452170533864397
492,0.7837285389067425
493,0.7280527788927025
494,0.5660305624158888
495,0.470898901312226
496,0.3609501562328827
497,0.234961605160316
498,0.1010849159332771
499,0.068707305267406
500,0.0372348237428996
501,-0.00032462980592186386
502,-0.00025087405920644346
503,-0.0006976229116888583
504,-0.00018199967360900404
505,0.0051090896621401
506,0.0508420645525247
507,0.0535145586011715
508,0.14356967688122
509,0.234400529477589
510,0.5245636009886845
511,0.6906577586998079
512,0.7253702286748045
513,0.7830902041963832
514,0.8009825435341178
515,0.6379403807401183
516,0.591276928634769
517,0.5733971661551174
518,0.4153217190299607
519,0.3765024038310962
520,0.3408206297392973
521,0.1563031466779556
522,0.0843787376995941
523,0.0702161186762648
524,0.0301403882978752
525,0.0044674414083234
526,0.00017207655945149225
527,-0.00019754628824820983
528,-0.0004805976577360177
529,0.001416866613914
530,0.0226666941936228
531,0.0321674794546728
532,0.1124591818099898
533,0.1133491316903782
534,0.1802908070257427
535,0.2724129052148207
536,0.2774201610247371
537,0.1566413048649348
538,0.3123076367764519
539,0.510107202647631
540,0.5572081873041121
541,0.4525264398575068
542,0.5202151264274157
543,0.4795614683887799
544,0.3272862999100276
545,0.2295452656230587
546,0.0845024223014612
547,0.0597839898672811
548,0.0163513818567617
549,-0.001113526538395
550,-0.0034026840544265
551,-0.0006724429313302999
552,-0.0024298156998463
553,-0.000567772012535675
554,0.0092919165747267
555,0.0333243776429574
556,0.0775668971663299
557,0.0717862386863592
558,0.1002976705311848
559,0.1781921738804197
560,0.2242780487603959
561,0.1832727702879701
562,0.2710577340438516
563,0.3608094162382411
564,0.3616373686154344
565,0.403838923268766
566,0.4777299356523337
567,0.3226582612916495
568,0.2627118893624349
569,0.1783191462239124
570,0.0960554697320354
571,0.0436180224646351
572,0.0246763449676754
573,0.0030667679381244
574,-0.0003241264377871339
575,-6.709610837930813e-05
576,0.0008897177131734629
577,0.0042780931660877
578,0.0326540096483187
579,0.0673666171145799
580,0.1206385408467058
581,0.3292376342212642
582,0.4761630977513242
583,0.6811817675703928
584,0.7596326505593958
585,0.7749653197324584
586,0.6645319611649108
587,0.6495446126042304
588,0.6335443734184161
589,0.4341480667550137
590,0.4248629610964223
591,0.3494653848013904
592,0.2881674376657905
593,0.2357867620107037
594,0.1116197887658281
595,0.1008086859997911
596,0.0310354026673051
597,-0.0009303345027775884
598,-0.0016629449267868
599,-0.0021049419703958
600,0.0007617849036540697
601,0.0035713022323255
602,0.0358428618251969
603,0.066282349347084
604,0.1262158931705734
605,0.289374066789285
606,0.5653656733547756
607,0.622102732301925
608,0.6438560866578051
609,0.7446303667628478
610,0.6963262165564708
611,0.700961103548351
612,0.7237366319346699
613,0.7082763302093149
614,0.5144537553020705
615,0.3913990687610884
616,0.3443704534810614
617,0.1576911667477241
618,0.0647630800373513
619,0.0709916272091526
620,0.0222257838908978
621,0.00040942006993759106
622,-0.0011814195866699
623,-0.0018047641620577
624,-0.0025300710156963
625,0.002069656521302
626,0.0471754356294573
627,0.0771736200437012
628,0.0804795198588188
629,0.1477940887420168
630,0.1588846654044993
631,0.1815668388141624
632,0.1746033430755187
633,0.1801699530511478
634,0.4293990940337686
635,0.1694002450242202
636,0.1940235414688953
637,0.1869827791143585
638,0.1825047881798991
639,0.1899614979816573
640,0.141222941253589
641,0.0986923499040426
642,0.0669941656521422
643,0.0311903479427704
644,0.006301524702325
645,-0.0003549169848165029
646,-0.0035443664002181
647,-0.0040286782985228
648,-0.0036585708540835
649,0.0053881867695955
650,0.0167735803885753
651,0.029889266255582
652,0.0577786886012125
653,0.0805226768920965
654,0.0831275063089205
655,0.1605082001961488
656,0.1765212935304998
657,0.1203795283290969
658,0.1420590024603865
659,0.2097429152482999
660,0.2345603560931561
661,0.2264994536763265
662,0.2346476946250117
663,0.2202697682935916
664,0.1401430019544716
665,0.1029546835004009
666,0.100129314467517
667,0.0529783008729742
668,0.010130483270972
669,-0.00029208514935931407
670,-0.0070217656923199
671,-0.0094222385391498
672,-0.0008989152493954627
673,0.0048971557644945
674,0.0335960688318392
675,0.0538492205962557
676,0.1014033451146538
677,0.2363229450331794
678,0.36015426307982
679,0.5304220164244235
680,0.5595228598900654
681,0.6198661567477608
682,0.7743698514783397
683,0.7356228854404059
684,0.5580978134688472
685,0.613164827366844
686,0.5280861319748589
687,0.3359131926865324
688,0.3169975582673452
689,0.1632103945193812
690,0.0799766344154157
691,0.0797634624458336
692,0.0532591230592613
693,0.0015249406817316
694,-0.0025473798006332
695,-0.0014631794488495
696,0.00023669851620965188
697,0.0014023710168429
698,0.013851228148644
699,0.0572319214047089
700,0.0967954073124623
701,0.1014345788624233
702,0.1790862506034323
703,0.2405773769164902
704,0.372455056283328
705,0.4648366696231811
706,0.5405235458677986
707,0.6458398843502515
708,0.6025882617246758
709,0.6767779523364503
710,0.2363865959542856
711,0.2029129379117755
712,0.1646431599631637
713,0.1381989801822964
714,0.1081019277703056
715,0.0589999701595138
716,0.0191661251630163
717,0.0020860338631989
718,-6.545839901563044e-05
719,-0.0012295457340074
720,3.13632050305962e-05
721,-0.00013490119460769778
722,-0.00010019460587230856
723,0.00913566520841
724,0.071367146044196
725,0.0969652482290463
726,0.1789629389190559
727,0.4161340905394148
728,0.3676081099401778
729,0.4702094550980995
730,0.5552622628611765
731,0.5350815554736095
732,0.3926866634253223
733,0.4842305930106214
734,0.2958373596515564
735,0.2154385024503533
736,0.0993309131383732
737,0.0818749172539689
738,0.0701787991274402
739,0.0050556109762906
740,-0.00019048608746331797
741,-0.00033918985668336676
742,3.239397013586609e-05
743,-0.00041961050497164865
744,-0.00014257936224183754
745,4.127556254672482e-05
746,0.0005738849004812557
747,0.0204567824038035
748,0.0760939728198979
749,0.1452541785007135
750,0.2466109012077588
751,0.3249584846479074
752,0.5546502855665516
753,0.5289222397279467
754,0.6386033725860465
755,0.5981758136066013
756,0.5912011438156946
757,0.5157706272902793
758,0.333942451421634
759,0.3140876732845037
760,0.2086281311566662
761,0.107680379810396
762,0.0552510539437458
763,0.0173087210073374
764,0.0064931557116081
765,0.0066705987416624
766,0.0062178936447578
767,0.0053886160186158
768,-0.0019633788976871
769,0.001292414418698
770,0.0006838277008240773
771,0.0391603210900017
772,0.1007826231727977
773,0.2365990879594826
774,0.37483995471949
775,0.4954410304226198
776,0.6077389743208947
777,0.7498486796170731
778,0.7996620404506836
779,0.5897675236130759
780,0.5983922711745457
781,0.4106157029809332
782,0.3740049609938147
783,0.2631363668474471
784,0.1631005731908452
785,0.0921639165765519
786,0.0479529377604201
787,0.0128286535783941
788,-0.0024753135392801
789,-0.0014409769701602
790,-0.0013060130469158
791,-0.0017679869234699
792,-0.0016800565800439
793,-0.0015963860930214
794,0.0030388775000089
795,0.0280728774676381
796,0.1122449439955126
797,0.1554612103300023
798,0.4207957669379276
799,0.5514773415077283
800,0.7285038818097143
801,0.6307686392139396
802,0.7224865559913518
803,0.7094563504516167
804,0.6746075480953799
805,0.6166189324693072
806,0.4050999112744329
807,0.3234925641749264
808,0.2531357830318079
809,0.0957515170340876
810,0.0493153360129749
811,0.0280750959792206
812,0.0035838809700996
813,-0.0013832570995207
814,0.0011118722269449
815,0.0013894171951582
816,-0.0034598855076468
817,-0.0030845516206186
818,0.0064730700139376
819,0.0605619537333696
820,0.1091047069132919
821,0.196408703390204
822,0.3968812727143096
823,0.446748413909787
824,0.6559574959504595
825,0.664729829651818
826,0.7292646667195435
827,0.8164399713059389
828,0.781211921896314
829,0.6610026391453936
830,0.58779997985394
831,0.4082407578912559
832,0.2594354601456949
833,0.1352922900601492
834,0.0746292384059963
835,0.0384823396450448
836,-0.0004191521941139392
837,-0.0029526552292391
838,-0.0022602618442586
839,-0.0035057669518765
840,-0.0039495571685266
841,-0.0038547047519033
842,0.0059476317590834
843,0.0362734136073818
844,0.1238485495632979
845,0.2541279648507306
846,0.4251221565672118
847,0.4448370732933846
848,0.5662058073519198
849,0.6791912113316834
850,0.6654544305794012
851,0.5792812748479286
852,0.626608739238278
853,0.6581267678922835
854,0.4456732623031734
855,0.368151136606982
856,0.2133655938759056
857,0.0989325282568522
858,0.0589440771645108
859,0.0303369701766771
860,-0.0007164364123342232
861,-0.0032769182696357
862,-0.0037236723308511
863,-0.0024274640444319
864,-0.0011601285577336
865,-0.0002586963452751029
866,0.009699507586115
867,0.0411905029556793
868,0.1147804170270421
869,0.2526895294900904
870,0.3997211161666734
871,0.552754558467796
872,0.7781083193844858
873,0.7133590754490193
874,0.8009092506191131
875,0.8103414240249116
876,0.6417537552752741
877,0.5642139229449861
878,0.4278145743939199
879,0.3386262820207968
880,0.1916414459939794
881,0.0960113882206734
882,0.0730696923482689
883,0.0304955977337988
884,0.000495662547282047
885,-0.0013856355561168
886,-0.0030198005244395
887,-0.0001648131596405783
888,-0.0053536537891199
889,-0.00204071394055
890,0.0060504525510174
891,0.0180529545207994
892,0.0316384186205971
893,0.0313502466035251
894,0.0623971099308866
895,0.1042840190432221
896,0.1678688284622762
897,0.1774507689183633
898,0.2744852039188299
899,0.2969931079577048
900,0.4227213708540198
901,0.5195469646005357
902,0.4283928488409423
903,0.2298780035034291
904,0.1684129167357035
905,0.0895770079708448
906,0.0663726867070135
907,0.0344992677043569
908,0.0001566449155012556
909,-0.0013468807679311
910,0.0005429028071779335
911,0.0014356991845778
912,0.0013741039496457
913,0.0011195212156229
914,0.0078683046712504
915,0.0411394523725354
916,0.0757025215330966
917,0.1009958037084512
918,0.1669966540550398
919,0.2406800887142843
920,0.3844798286435058
921,0.4587532991980503
922,0.4124592173373991
923,0.3492224569457527
924,0.4373403804573705
925,0.4278014361560587
926,0.2831580480943636
927,0.2030342809923973
928,0.1158392257346882
929,0.0948721387451325
930,0.0650199641843383
931,0.0242708881782809
932,0.0057066312534124
933,0.00012806183780809943
934,0.00038740968202176373
935,0.0006216837911969669
936,0.0633087035594377
937,0.0662706476346193
938,0.0486182683388511
939,0.0542522878534319
940,0.0651781353661482
941,0.0835952206731695
942,0.1208796791961026
943,0.2789478947135972
944,0.3448285922079599
945,0.4026912164512464
946,0.4036208892685249
947,0.4240867080350352
948,0.2930599965864371
949,0.186300652195116
950,0.1940814166409563
951,0.1523154641693491
952,0.0644702184044245
953,0.0696500336327139
954,0.0641639105037035
955,0.040916684912249
956,0.0236337147670317
957,0.0260569899216014
958,0.022590869006388
959,0.0253170582420258
960,0.0033315077239583
961,0.0070146815899525
962,0.0196253682029256
963,0.0435099081739471
964,0.0698690445330873
965,0.1333756188307557
966,0.1207653666589145
967,0.2836229507518191
968,0.2799822206766287
969,0.2610750225422571
970,0.2758352042086198
971,0.336630215692778
972,0.3695868735102146
973,0.3378047688499628
974,0.324544819574583
975,0.2474931884838291
976,0.1694950208693761
977,0.0904883533652729
978,0.1017300999281041
979,0.0419568774460137
980,0.012233496250735
981,0.012703462973983
982,0.0121606053705767
983,0.0123617141036567
984,0.0075654236186315
985,0.0064264749999287
986,0.0294697323603278
987,0.0539478129031911
988,0.1181922966097712
989,0.1304578751456937
990,0.2337432968935637
991,0.308634389108817
992,0.3805035563926104
993,0.4198115752344755
994,0.4267698208997921
995,0.5007770009581372
996,0.4858646649091576
997,0.2221332778070313
998,0.2034813689430727
999,0.2599860591081289
1000,0.1407483362641948
1001,0.1121560382938195
1002,0.0776171552776017
1003,0.0467746222201432
1004,0.0200881718748126
1005,-0.0013846812504547
1006,-0.0016984058871736
1007,-0.0004962440901061932
1008,-0.001078496397392
1009,0.013404517268688
1010,0.069197612841455
1011,0.0628517471166125
1012,0.0999228889480072
1013,0.1291443332037183
1014,0.1903837246052824
1015,0.2826409358344499
1016,0.3869104830301062
1017,0.3738637055868985
1018,0.4492090029481652
1019,0.4037279321249649
1020,0.3717166308360753
1021,0.4090374779663357
1022,0.3330775683490679
1023,0.2652060659893032
1024,0.1347121118104735
1025,0.1491345977120339
1026,0.1133952581839132
1027,0.089874796470321
1028,0.05200263145297
1029,0.0017237930348612
1030,0.0044112064090084
1031,0.0006361503388687545
1032,0.0120606943802299
1033,0.0255108599677582
1034,0.0640262342968667
1035,0.1081217976130821
1036,0.1225307456543653
1037,0.1824667393064765
1038,0.2447907076326594
1039,0.3333050650684435
1040,0.5012788488567559
1041,0.471316556239983
1042,0.4968219831718692
1043,0.4600722466236242
1044,0.4124157750139396
1045,0.3228282185564108
1046,0.3292650884681631
1047,0.187269575195047
1048,0.0926218064889863
1049,0.1012821748457446
1050,0.0570943833274475
1051,0.0667666078877024
1052,0.0115106484390905
1053,0.0044130751370145
1054,-0.00031050185746452075
1055,0.000291907518507481
1056,-0.0014980963984088
1057,-0.0033528522700139
1058,0.0010094306874697
1059,0.0194597924647317
1060,0.0573044268243114
1061,0.0892005929707348
1062,0.1266977434748224
1063,0.227116747385055
1064,0.3166000003005547
1065,0.3137143518104903
1066,0.3639844032023955
1067,0.3325541427348206
1068,0.3168625675842957
1069,0.3146444170189693
1070,0.3388088897977763
1071,0.227565558226986
1072,0.1555581233905354
1073,0.0860997648813832
1074,0.0741371460695969
1075,0.0405006455452243
1076,0.0275936783341334
1077,0.0003796152313013529
1078,0.0019174690577641
1079,0.0023867337714931
1080,-0.000576289369648611
1081,0.0140618944008947
1082,0.0190271529952765
1083,0.0273860302814219
1084,0.066707711341204
1085,0.0827242271423866
1086,0.1487505899977332
1087,0.2805690577656332
1088,0.2956139610913901
1089,0.2957786109619313
1090,0.368835306039059
1091,0.4274831260616019
1092,0.4552030954676092
1093,0.2847283693763824
1094,0.2870497929339148
1095,0.2894544197206425
1096,0.2124355300898497
1097,0.1285004616878489
1098,0.1080167127616118
1099,0.031302473914659
1100,0.0085696615546082
1101,-0.0028692332926583
1102,9.173125833526752e-05
1103,0.00013026349698307127
1104,-0.0009598669782258236
1105,0.0049838286561316
1106,0.0043449589001716
1107,0.0284125795030851
1108,0.0691872874969681
1109,0.0585476326654028
1110,0.0962205728296876
1111,0.2303990763989543
1112,0.2815135960344446
1113,0.3475747032449885
1114,0.3183674900898989
1115,0.343056940729711
1116,0.356014342533981
1117,0.3077942148449601
1118,0.3248287336655544
1119,0.2790028011567937
1120,0.1866485134908366
1121,0.1372378785446522
1122,0.0995112729097791
1123,0.0333352015638086
1124,0.0181125217055664
1125,-0.0016683180818419
1126,-0.0017072352168001
1127,-0.0013150261738432
1128,-0.0009551465927957332
1129,0.0139198154486079
1130,0.0267687563934819
1131,0.075609003178336
1132,0.1564209877889262
1133,0.3264306445327272
1134,0.523538327637808
1135,0.6552314106374262
1136,0.8078538283220802
1137,0.8488472854348708
1138,0.8681865515885498
1139,0.8174176457799682
1140,0.861211735779633
1141,0.7822743746305456
1142,0.6145335961966645
1143,0.3937211509031482
1144,0.3411626306803381
1145,0.1728457538726442
1146,0.1030291697862459
1147,0.0393405802697623
1148,0.0152897988293079
1149,-0.002328892613926
1150,-0.0015669658205064
1151,-0.001589291454797
1152,-0.0021625726559635
1153,0.0019014568107336
1154,0.0268423481526147
1155,0.0988063044663143
1156,0.1504176075479641
1157,0.2520387581239725
1158,0.417817582125408
1159,0.4430603676292854
1160,0.5493235329142714
1161,0.6568012696295533
1162,0.6400715918541515
1163,0.5039700368991895
1164,0.4615963408047741
1165,0.3031052914028997
1166,0.3186250099882823
1167,0.3315134433943705
1168,0.2026417554782391
1169,0.1455531227979059
1170,0.0897861639549273
1171,0.0422154766568161
1172,0.0070861408496283
1173,-0.0016926847975484
1174,-0.0017613367765976
1175,-0.0017541840051238
1176,-0.00178101639481
1177,0.0039746172507604
1178,0.0186343837782116
1179,0.0421993343875917
1180,0.1057101445637524
1181,0.2003632523185097
1182,0.4160746232151517
1183,0.5281334222911334
1184,0.4730182558104012
1185,0.6997097468596245
1186,0.6160694072963075
1187,0.8043612105574163
1188,0.8467498098836892
1189,0.7737191302573898
1190,0.6320873505797941
1191,0.4181078703609071
1192,0.3044167580316437
1193,0.1441562385136674
1194,0.1000351421169718
1195,0.0417094674749025
1196,0.0148815431387403
1197,-0.0016321751755386
1198,-0.0016089432751245
1199,-0.0017054035604873
1200,8.298124255498585e-06
1201,0.0068584945499712
1202,0.0349765316192602
1203,0.0706485965018617
1204,0.1393463590683616
1205,0.3040532655450854
1206,0.4973216937535618
1207,0.6064237728794091
1208,0.7136323818238985
1209,0.8250631429144584
1210,0.8289346281170389
1211,0.8302859990061358
1212,0.8284136890318756
1213,0.7977672723909841
1214,0.6287261140049474
1215,0.3955401467876396
1216,0.3056228845792657
1217,0.1841049695482806
1218,0.0942615638292842
1219,0.0417399348569171
1220,0.014230810601852
1221,-0.0015616199482957
1222,0.0005268475193373895
1223,9.459727853154688e-05
1224,-0.001462574104474
1225,0.0055585779108737
1226,0.0288688270787658
1227,0.0521299383541766
1228,0.1575111307833545
1229,0.2663104228783688
1230,0.5469890108439437
1231,0.6198272649013685
1232,0.7125028476547037
1233,0.8065866216386717
1234,0.8189736973942978
1235,0.6698351561727656
1236,0.5904971211785857
1237,0.5469577995101951
1238,0.3471314433519261
1239,0.263563373561879
1240,0.2056815570836498
1241,0.1063377594970369
1242,0.1049257646334489
1243,0.0599921733257613
1244,0.010680720144544
1245,0.0021418453438146
1246,0.0008443125657750933
1247,0.0009193200855153044
1248,-0.0005356005165937511
1249,0.0083435237550359
1250,0.0249177801871154
1251,0.0432588779822842
1252,0.1014093722903137
1253,0.0982154601987386
1254,0.1574557682283039
1255,0.3018229526923612
1256,0.2702621671389249
1257,0.1486585400405726
1258,0.3326075919910771
1259,0.5077118736929684
1260,0.5373799308289187
1261,0.5909827010704298
1262,0.5550193841008018
1263,0.3809726997908875
1264,0.2918989333405613
1265,0.150030865417633
1266,0.0773281894121346
1267,0.0409833713676841
1268,0.0164121592958645
1269,-0.00016529703809965712
1270,-0.0019627938727831
1271,-0.0022514041543624
1272,-0.0026304859642019
1273,0.0045567191216184
1274,0.0109559052543082
1275,0.0397649777062431
1276,0.0688387470994007
1277,0.0639670553961926
1278,0.091389836637526
1279,0.1723807495361182
1280,0.2393251755415513
1281,0.2197042930250454
1282,0.2942009584811142
1283,0.3868639507918641
1284,0.3833986874915223
1285,0.4167851497618795
1286,0.4496824140164073
1287,0.2789565344613998
1288,0.2383925591352629
1289,0.104325772046905
1290,0.0632695288546465
1291,0.0375291923982745
1292,0.0104423616886768
1293,0.0017274275506642
1294,-1.2773336661955905e-05
1295,0.000636910274808708
1296,0.0007954238957756793
1297,0.0041472416820999
1298,0.0270068953288318
1299,0.0678811409768587
1300,0.14729168992006
1301,0.2934395692021703
1302,0.446798236451783
1303,0.600681862238303
1304,0.6933021290808334
1305,0.7799827718977064
1306,0.7683965058182445
1307,0.7655585962553311
1308,0.6791275861129258
1309,0.6233666386602714
1310,0.3975945538939947
1311,0.3491340142948893
1312,0.2165582836716588
1313,0.1444599860279105
1314,0.0822706134771842
1315,0.0505803999259024
1316,0.0264750762129663
1317,-0.0005339430076902879
1318,-1.44996550746207e-05
1319,0.00028085963976408335
1320,0.0031128469434184
1321,0.004467291801655
1322,0.0323507631361883
1323,0.0607486878828853
1324,0.1321796693197747
1325,0.2748933382350949
1326,0.5068040933683584
1327,0.5481420876149621
1328,0.684277554441777
1329,0.7611026862467576
1330,0.7952440117447701
1331,0.8062441245589149
1332,0.7967873715374332
1333,0.7580429431323232
1334,0.4766561375141969
1335,0.3572535418475262
1336,0.2191896522764829
1337,0.1085154839947215
1338,0.1179137695378635
1339,0.0710701435599638
1340,0.015951246510591
1341,-0.0007786793123310126
1342,0.0018847432209716
1343,0.0002622044347495439
1344,-0.002818785587676
1345,0.0050257053034832
1346,0.0220242410532753
1347,0.0670313292960067
1348,0.1137395528612394
1349,0.1459032759739493
1350,0.1759763086894132
1351,0.1909991051879978
1352,0.1908342121761006
1353,0.2301030356178721
1354,0.492523022439044
1355,0.2677189498024142
1356,0.2529264033399425
1357,0.2627312897107992
1358,0.2069997842305337
1359,0.2285753233516783
1360,0.1151895265495153
1361,0.1078234907900263
1362,0.0644616334861842
1363,0.0259653157783239
1364,0.0057767759304729
1365,-5.139890039430883e-05
1366,-0.001406594619153
1367,-0.0016104098584841
1368,-0.0003629575202361984
1369,0.0119565691904475
1370,0.0112504424279953
1371,0.0311852865794597
1372,0.0560558120631304
1373,0.077870820793928
1374,0.0719879865790116
1375,0.1516978264194801
1376,0.2080609407542806
1377,0.1258852260217804
1378,0.1974330690516279
1379,0.2508389186791231
1380,0.2866188875984374
1381,0.2151228802167974
1382,0.1885921963009036
1383,0.2072358006640382
1384,0.1131157261205555
1385,0.0861393762345994
1386,0.0693650112111552
1387,0.0479764873734274
1388,0.0133887172534789
1389,0.0079298706987265
1390,-0.0029510210346808
1391,-0.0053604753333667
1392,0.0072438837651686
1393,0.0112026018115314
1394,0.0580519192951227
1395,0.0633353910951444
1396,0.1275794510392593
1397,0.219793516915842
1398,0.3984101993480486
1399,0.5250079813612694
1400,0.5203376088397669
1401,0.7028647792312619
1402,0.8198951104055674
1403,0.7760746503889628
1404,0.5862293927860798
1405,0.6595332094112643
1406,0.424503539051883
1407,0.3371474379734558
1408,0.2114641550993348
1409,0.0824998935808871
1410,0.077327856578804
1411,0.0656080551333328
1412,0.0591600854103246
1413,0.0022983551769028
1414,-0.0009735007985101212
1415,-0.00011745169942557754
1416,-0.0021839799945782
1417,-0.0035120878128454
1418,0.0274563857014469
1419,0.0635080754730969
1420,0.11499777486653
1421,0.1027809247030255
1422,0.1383811279706883
1423,0.2308043648625066
1424,0.3619662062185249
1425,0.4411624640482465
1426,0.527278147773685
1427,0.5731496045760729
1428,0.5525799338871444
1429,0.6698881296416481
1430,0.2431959822441591
1431,0.1998041586317633
1432,0.1434609587788327
1433,0.1169455497460358
1434,0.0821659317245029
1435,0.0519189905013297
1436,0.0148604772321247
1437,-0.0010557143328158
1438,-0.0004172129288890908
1439,-0.00045158882001473943
1440,-0.0054183927498401
1441,-0.0052894568342851
1442,-0.0052795949963326
1443,0.0071670027415093
1444,0.0655958990267608
1445,0.0481038850707797
1446,0.1968588909150803
1447,0.3488601214366291
1448,0.3072205049814862
1449,0.4394475637987647
1450,0.5424622259781267
1451,0.5732898256971588
1452,0.44561722763656
1453,0.4320895672863536
1454,0.2976033534569631
1455,0.2332120153568546
1456,0.1308883800430458
1457,0.1061320481052796
1458,0.0820724599471784
1459,0.0045351943744036
1460,-0.0048963173926226
1461,-0.0053622887502713
1462,-0.0054287539613982
1463,-0.0045782754765626
1464,-0.0011440948708612
1465,-0.0014166681888612
1466,-0.001975732031864
1467,0.0237851869770386
1468,0.066720439696468
1469,0.1011764729630819
1470,0.2365442318474031
1471,0.3088759557209635
1472,0.5278614598348235
1473,0.5108604920435049
1474,0.6593439555957297
1475,0.5659432710009036
1476,0.5904270960925964
1477,0.4484773337617149
1478,0.3274211815847672
1479,0.3363892530233692
1480,0.2352031456877565
1481,0.1248871041921326
1482,0.0535971062634212
1483,0.0170253656322769
1484,0.0006879049398646891
1485,-0.00010649092075866452
1486,-0.0008860435254989391
1487,-0.0010285749226335
1488,-0.0018777931033342
1489,-0.0025417195823125
1490,-0.0012956766168927
1491,0.0402872729497618
1492,0.0903936160441463
1493,0.1894625223343589
1494,0.3349671494503206
1495,0.4489785578778023
1496,0.5755805963607223
1497,0.761670082407661
1498,0.7724498247813323
1499,0.5646001201864543
1500,0.5550067316373337
1501,0.4189645835437681
1502,0.37858034856093
1503,0.2469138867501918
1504,0.1778212454213126
1505,0.1242649440845149
1506,0.0565380666627455
1507,0.0216013662637506
1508,-0.0016421647226125
1509,-0.0021596539227617
1510,-0.001876837318649
1511,-0.0017933064604152
1512,-0.00019361550054398935
1513,-0.00037099876460346126
1514,0.0010386402830333
1515,0.0343339699752951
1516,0.1095210770749936
1517,0.1306184685746239
1518,0.3826186083880849
1519,0.5007888649610035
1520,0.5924929869671438
1521,0.6217009706801797
1522,0.6015125963626382
1523,0.5587091530071142
1524,0.6544391365456328
1525,0.6147405953474412
1526,0.4325043162757105
1527,0.3253335803843378
1528,0.2705841681762273
1529,0.1109675825915126
1530,0.0655687041654797
1531,0.0306288936909189
1532,-0.0011390562682984
1533,-0.0014787144207433
1534,-0.0013100995624293
1535,-0.0012894168883954
1536,-0.0025497208367555
1537,-0.0014373773258726
1538,0.0098122644898366
1539,0.0583229943002765
1540,0.0925046233062893
1541,0.1940325057575471
1542,0.3904687677281651
1543,0.4607646325160168
1544,0.6415545306895034
1545,0.6534569567663617
1546,0.7886997366440334
1547,0.8276945163038214
1548,0.8151239705991735
1549,0.6333084360174859
1550,0.5991272399207042
1551,0.4396352843401196
1552,0.2801083256182288
1553,0.1617086265471947
1554,0.0956473226808249
1555,0.043034885363115
1556,-0.0013924557813298
1557,-0.0027324011217488
1558,-0.0028008203548084
1559,-0.0027466268882559
1560,-0.0021046591832483
1561,-0.0023268288255609
1562,0.0085943922435076
1563,0.0356725914000224
1564,0.1062318495183156
1565,0.1870610016127252
1566,0.4116813577737581
1567,0.4416495623490128
1568,0.5582466837774824
1569,0.6483422878386158
1570,0.6613618456756705
1571,0.6072230356471231
1572,0.6059087494366928
1573,0.5585570055173854
1574,0.4698533971953644
1575,0.4037189546284729
1576,0.2397668741972574
1577,0.139966631668414
1578,0.0884931677709055
1579,0.040218807341944
1580,-0.001333846147064
1581,-0.0034507244344455
1582,-0.0022819276497203
1583,-0.0023745060920974
1584,-0.0036042148922257
1585,-0.003665970569221
1586,0.014317271283412
1587,0.0335846042004208
1588,0.1033838179723931
1589,0.1988634496975472
1590,0.4035990248206496
1591,0.5051615514398968
1592,0.7461584180777969
1593,0.7190986874709175
1594,0.7544862257710598
1595,0.628186252914545
1596,0.6635581260530465
1597,0.585340275177969
1598,0.446124637983899
1599,0.3591656747951639
1600,0.2300648255611002
1601,0.1242321562346397
1602,0.0867572404650325
1603,0.0366951018999321
1604,-0.0014432413814213
1605,-0.0034906702290393
1606,-0.0061980896306843
1607,-0.0055310499600744
1608,-0.0036890812869268
1609,-0.0037021726277311
1610,0.0022614053233615
1611,0.0205424732078702
1612,0.0358756608792793
1613,0.0365531475036695
1614,0.0784507370817684
1615,0.1094852893717208
1616,0.1578431207521771
1617,0.1532666696566889
1618,0.2562115697585068
1619,0.2896400476061711
1620,0.3711667321827001
1621,0.492101426508966
1622,0.2877276127496337
1623,0.3547010405688546
1624,0.179927034680744
1625,0.1179420271831894
1626,0.0743435307905155
1627,0.0343621734726389
1628,0.0026451678227294
1629,-0.0032729152187636
1630,-0.0030823708844474
1631,-0.0028600020377831
1632,-0.0023539310201081
1633,-0.0032011595390082
1634,0.0131789886857254
1635,0.0421270428584838
1636,0.0640236771963682
1637,0.0946389230003259
1638,0.1556081637147166
1639,0.3035721540529856
1640,0.4080191017863932
1641,0.4418352112705712
1642,0.3725403326760521
1643,0.3790586796570629
1644,0.4398334370474537
1645,0.3788082686072436
1646,0.3057844311018549
1647,0.196161732165961
1648,0.1192412044692752
1649,0.0988896118603872
1650,0.0557479698892404
1651,0.0252515764182439
1652,0.0003862188032661557
1653,-0.0017308032223846
1654,-0.0016312777441649
1655,-0.001028299673832
1656,0.0484485684433144
1657,0.0485079701430868
1658,0.0430188096886132
1659,0.0555872192565394
1660,0.0764361940723807
1661,0.0857723341473735
1662,0.1165456110881655
1663,0.240563450329277
1664,0.3330978451409401
1665,0.4175330090219245
1666,0.3697419686741636
1667,0.3905292923328869
1668,0.3022444387013661
1669,0.211373524045457
1670,0.1850462447813197
1671,0.1459859223155188
1672,0.0748372571540738
1673,0.0820831824881074
1674,0.0625203733281358
1675,0.0485452845206017
1676,0.0270399469342967
1677,0.0222789005408989
1678,0.018857642055787
1679,0.0186422985473362
1680,-0.0011031925641711
1681,-0.0010485217754927
1682,0.0242348126903044
1683,0.0420519305128286
1684,0.0760515048670902
1685,0.1155311650429535
1686,0.1238313434987923
1687,0.2534843786759346
1688,0.2923291680383351
1689,0.2451343503896688
1690,0.3068306561626823
1691,0.2856137477098877
1692,0.3597581008819894
1693,0.3513792083905394
1694,0.2615615930371568
1695,0.2600147388766196
1696,0.1833462367111302
1697,0.1090441798489642
1698,0.1034582655793336
1699,0.0566317960512458
1700,0.0198758630722066
1701,0.0107164454321326
1702,0.0100884761450805
1703,0.0100723876174362
1704,0.0032141824072502
1705,0.0032539965820907
1706,0.0252350390109106
1707,0.0633467370095692
1708,0.1166666161189404
1709,0.123391096239785
1710,0.1783521933607936
1711,0.2889593373068344
1712,0.2840117907299622
1713,0.4185509470981821
1714,0.4027018734168586
1715,0.4854752521040801
1716,0.4563529392936367
1717,0.1815667509170133
1718,0.2100690357800225
1719,0.2630638620530299
1720,0.1349661825840791
1721,0.1079438787955961
1722,0.087514976512794
1723,0.0373018973501777
1724,0.0163812805608307
1725,-0.0057630684346798
1726,-0.0030456790919453
1727,0.0008123630329583825
1728,-0.0042104671633269
1729,-0.0041301990776447
1730,0.0513162693763915
1731,0.0867923953469491
1732,0.0949102852821346
1733,0.1185679253950759
1734,0.1707478802590281
1735,0.2885052341491694
1736,0.4246813048078188
1737,0.3441161879038354
1738,0.4129342695870683
1739,0.4242586479125372
1740,0.3594768511585891
1741,0.3674013185242011
1742,0.3511567934222335
1743,0.2784401919858787
1744,0.150395511336286
1745,0.1517064838998998
1746,0.1156066559740331
1747,0.0846352755948436
1748,0.0248836926544753
1749,-0.0019741490245708
1750,-0.0046646627071938
1751,-0.004996730059952
1752,-0.0007901853021026334
1753,0.0047988187840159
1754,0.0533133561061644
1755,0.0961609127332414
1756,0.1169285965987463
1757,0.1520394946395236
1758,0.2248136607569215
1759,0.3450307744834042
1760,0.4505881802237319
1761,0.4791488533584946
1762,0.5009776960411749
1763,0.4292965162610038
1764,0.4102044392985384
1765,0.3507483963990137
1766,0.2950558715203339
1767,0.1814490948176808
1768,0.1068380402629227
1769,0.1000053901090842
1770,0.0686132203842737
1771,0.0714468158871019
1772,0.0106801614931184
1773,-0.0032452932619919
1774,-0.002882847798199
1775,-0.0028834295997997
1776,-0.0007440723448597503
1777,-0.0014071034584917
1778,0.0059187350342943
1779,0.0194260342195369
1780,0.0627149735706728
1781,0.093331168945107
1782,0.1315193620173584
1783,0.2063369433545017
1784,0.2924727339335231
1785,0.2780210441040662
1786,0.2945021698445924
1787,0.2969976428907579
1788,0.2926504765086559
1789,0.2977887535238619
1790,0.3014592065655688
1791,0.2212901021776201
1792,0.1600173319872351
1793,0.0848073167554599
1794,0.0841125415149914
1795,0.0461691520889806
1796,0.0124743819905488
1797,0.001023612966078
1798,0.0001790399614007704
1799,0.00025646227414298506
1800,-0.0006288458676111525
1801,0.002431598568519
1802,0.017211041922023
1803,0.0317201848829873
1804,0.0630403990776164
1805,0.0811246993305527
1806,0.1426066923182116
1807,0.2699828381790621
1808,0.2872002625819327
1809,0.3069469782110012
1810,0.3700500839847358
1811,0.3985422087467178
1812,0.4401062687777675
1813,0.2890955946993483
1814,0.2814560210074728
1815,0.2778439179919598
1816,0.2023747522271588
1817,0.1211166624114945
1818,0.1298239949686881
1819,0.0353904879946267
1820,0.0091085371820069
1821,-0.0013598578264735
1822,-0.0003963087543341765
1823,-0.00024055108589650376
1824,-0.0006198750499402245
1825,0.0002903015291712968
1826,0.0065298644061135
1827,0.0266250141673671
1828,0.069096860141949
1829,0.0609679939316205
1830,0.0946059366811564
1831,0.2415359867218296
1832,0.2797968185938384
1833,0.3409481274639188
1834,0.2882336840514921
1835,0.3764754023399785
1836,0.318396129409636
1837,0.2525181293351288
1838,0.2683635118535517
1839,0.2865656636604126
1840,0.1480849262320458
1841,0.1658443494535213
1842,0.0962985335308694
1843,0.0448960115619814
1844,0.0207619036725274
1845,-5.398137111158052e-05
1846,0.00013816048385549562
1847,0.00014293669891983496
1848,-0.00019640795300703007
1849,0.0030119140848994
1850,0.0231782080803262
1851,0.0675679402111557
1852,0.1387412451536029
1853,0.2688377545481508
1854,0.494098995153464
1855,0.606631007364441
1856,0.7815309693066717
1857,0.8374572530255897
1858,0.8585415726166581
1859,0.8437577751632113
1860,0.866709683012558
1861,0.8075007043624816
1862,0.6512159488042777
1863,0.4403608619870465
1864,0.3766628564345009
1865,0.2372476022234704
1866,0.1228909418476498
1867,0.0397580639842482
1868,0.0138627306530649
1869,-0.0010486817100401
1870,-0.0004553099869519933
1871,-0.0005285192230120167
1872,-0.0007937951685777073
1873,0.0017848238643038
1874,0.0287482708977384
1875,0.0968733734769984
1876,0.1354859553792231
1877,0.224339282825013
1878,0.3579896637453565
1879,0.4594741082959068
1880,0.5622307500207022
1881,0.6446994156656125
1882,0.5946481084072126
1883,0.5456824749384019
1884,0.3902379543873018
1885,0.2957000598980095
1886,0.3231985322835708
1887,0.3265388681856926
1888,0.2001092574950995
1889,0.1487374118022721
1890,0.1037327773190395
1891,0.0352559645044243
1892,0.0182440993432548
1893,0.0004919605206821082
1894,-0.0002900582660261414
1895,-0.0007699562616936412
1896,-0.0005682175508725656
1897,0.0025246538665568
1898,0.0199849502790725
1899,0.044323976634873
1900,0.0948342657782827
1901,0.1799147970996266
1902,0.4003399373055594
1903,0.5027745482823172
1904,0.4178487677253166
1905,0.607218838179832
1906,0.6541430174669209
1907,0.8001832320936579
1908,0.8407245845722706
1909,0.7682437213573927
1910,0.6015952746512163
1911,0.452959548369946
1912,0.3554688533039265
1913,0.2147426418436506
1914,0.1252008859840636
1915,0.0466465498857078
1916,0.0197952993970302
1917,0.00027241077695648597
1918,-0.0007246497958861703
1919,-0.0007592218868397588
1920,-0.00042762041941714346
1921,0.0012355870437208
1922,0.0322522247564596
1923,0.0582821127560244
1924,0.132435707302114
1925,0.2652648136226709
1926,0.4979308878325093
1927,0.589603095564214
1928,0.7224363036294641
1929,0.8444349583194104
1930,0.8497980146006363
1931,0.8309747360930111
1932,0.8416616315265479
1933,0.7916567888820787
1934,0.6441448538483734
1935,0.4548442056243609
1936,0.3548204751042896
1937,0.218244076374716
1938,0.1224753873367696
1939,0.047200201334345
1940,0.0233900674177578
1941,-0.00022128715673887245
1942,-0.0004435593481468963
1943,-0.0006273119257842602
1944,-0.0010193380789134
1945,0.0029944941841775
1946,0.0284104448918453
1947,0.0592799099651195
1948,0.1425757224971626
1949,0.2561577372862509
1950,0.5207717618060166
1951,0.6076975774117497
1952,0.7059655611653703
1953,0.8117085023257282
1954,0.8342184889913675
1955,0.6974511442887057
1956,0.6260342276101334
1957,0.668410400342949
1958,0.4137315236003893
1959,0.2926038587847011
1960,0.2310016775186476
1961,0.1364871548607447
1962,0.096330160969358
1963,0.0629739426547157
1964,0.0215831218461437
1965,0.0034817758271137
1966,-0.0007495990757833276
1967,-0.000528458511092969
1968,-0.0011639363081543
1969,0.0013694611855312
1970,0.0215301558290958
1971,0.0335541961885061
1972,0.0954028349715889
1973,0.1047890638722688
1974,0.1685075138483125
1975,0.2961188141325117
1976,0.2071961098285453
1977,0.1632082025607826
1978,0.3402704061080179
1979,0.5486901801490227
1980,0.5840250974250545
1981,0.6475647042738324
1982,0.5867641301013997
1983,0.4399744842894926
1984,0.3623771689116062
1985,0.2228112465545415
1986,0.097848688593124
1987,0.0390691158806186
1988,0.0175695732782197
1989,-0.0019747822093927
1990,-0.0050612251118786
1991,-0.0012335461643411
1992,-0.0012515737880016
1993,-0.000949068899520858
1994,0.0120009254692823
1995,0.0462513889421691
1996,0.0641435115271582
1997,0.0817375562094773
1998,0.0948980708642832
1999,0.1776656403496457
2000,0.2324779693621217
2001,0.2435169947361555
2002,0.2862411827537283
2003,0.3312041267856938
2004,0.3460368924047412
2005,0.4414956216524939
2006,0.3979569877959215
2007,0.3082915773262293
2008,0.2158530315565763
2009,0.1317287669558304
2010,0.1182935228887622
2011,0.042145401161256
2012,0.0167133732306316
2013,0.0024357014032736
2014,-0.0004414749236179155
2015,-0.00032679903102718344
2016,0.0003013696127231874
2017,0.0022881678973567
2018,0.0239049623373068
2019,0.0561629211609686
2020,0.1669955065723558
2021,0.2508300731498629
2022,0.4340125840754318
2023,0.5755841744350214
2024,0.7104884010403645
2025,0.7733906111387647
2026,0.7473816829859594
2027,0.7331266238241902
2028,0.6723724647471123
2029,0.6094335771732482
2030,0.4546455173630044
2031,0.3334525823755421
2032,0.2852137445950824
2033,0.2245765990812025
2034,0.1076137150205262
2035,0.0604502739214149
2036,0.0258276228423641
2037,-0.002079314244918
2038,-0.0039324894737917
2039,-0.0045808560066065
2040,0.0008161351838060632
2041,0.0029956129367809
2042,0.0299506755532752
2043,0.064618157119604
2044,0.1462131200136618
2045,0.2466376024363648
2046,0.4831911214218813
2047,0.510436397185287
2048,0.5335290252931906
2049,0.7121747104384746
2050,0.7671313774149973
2051,0.8073404241055038
2052,0.7771280998064036
2053,0.758502934469248
2054,0.4973416434039841
2055,0.3613634795097049
2056,0.2585594734486414
2057,0.1366999497214174
2058,0.0976714850044395
2059,0.0751343139039726
2060,0.0251096145297771
2061,0.00043268033243236415
2062,0.00046328431659702074
2063,0.0016921068219366
2064,-0.0015776656707566
2065,0.0014592804212034
2066,0.024477401718274
2067,0.0823345222296929
2068,0.1149103862065452
2069,0.1407201652939698
2070,0.1619570237985919
2071,0.1852243815832956
2072,0.2165679993671301
2073,0.2339707000079152
2074,0.3996511203111901
2075,0.2048771850353852
2076,0.2485521905094441
2077,0.2314602942966097
2078,0.1956792915369487
2079,0.2228112311300532
2080,0.1342008978525524
2081,0.1127943828894626
2082,0.066250330279667
2083,0.0351060325385665
2084,0.0114619225730214
2085,0.0005657069091091621
2086,-0.0038630969914217
2087,-0.0028199824360635
2088,-0.0094568319032768
2089,0.0037616229933681
2090,0.0163920436907736
2091,0.0353537837888941
2092,0.0581715893646565
2093,0.0756317467326204
2094,0.0839761335220654
2095,0.1586214662051486
2096,0.2062343786344354
2097,0.1238571084965382
2098,0.2259318581433984
2099,0.2293517371596334
2100,0.2636471169037275
2101,0.2317399086779528
2102,0.1982731389078094
2103,0.1940391061976509
2104,0.1232032268510476
2105,0.0921686815765252
2106,0.0739258089186247
2107,0.0463449740925574
2108,0.011229161982458
2109,-0.0024850720749378
2110,-0.0059647040388932
2111,-0.0082486554003986
2112,4.027728871690284e-05
2113,0.0034333391706964
2114,0.0488479137373316
2115,0.0577213571958525
2116,0.138221421004409
2117,0.2332754864503379
2118,0.4033245178220419
2119,0.5064577730826578
2120,0.6069175054827689
2121,0.6923954503141936
2122,0.6878898037133887
2123,0.5654531692493798
2124,0.5059442622577841
2125,0.6522234526816952
2126,0.465822735521882
2127,0.2899969976399028
2128,0.195913433292403
2129,0.1061631185328615
2130,0.0956656562623401
2131,0.0702502831764715
2132,0.0623935806248125
2133,0.0029570480458984
2134,-0.0011424267009532
2135,-0.001932792228972
2136,-0.0015305684287001
2137,0.0012111797238729
2138,0.0214365746810243
2139,0.0523466286057347
2140,0.1197064983758118
2141,0.1306020639303675
2142,0.1625205193339802
2143,0.1734187900748616
2144,0.2683336547975294
2145,0.3739013677589888
2146,0.5172328507027111
2147,0.618904290920326
2148,0.6613354667427835
2149,0.5878889714309559
2150,0.2226218570245628
2151,0.1931364437951981
2152,0.1590033259877554
2153,0.1247776813443419
2154,0.0918703608956683
2155,0.057597575978159
2156,0.0176914815209754
2157,9.13843685081822e-05
2158,-0.0010532700236341
2159,-0.0009080939830867912
